<?xml version="1.0" encoding="UTF-8"?>
<!--
/**
 * Copyright © Magento, Inc. All rights reserved.
 * See COPYING.txt for license details.
*/
-->
<widgets xmlns:xsi="http://www.w3.org/2001/XMLSchema-instance"
     xsi:noNamespaceSchemaLocation="urn:magento:module:Magento_Widget:etc/widget.xsd">
<widget id="products_list" class="Magento\CatalogWidget\Block\Product\ProductsList" is_email_compatible="true"
        placeholder_image="Magento_CatalogWidget::images/products_list.png" ttl="86400">
    <label translate="true">Catalog Products List</label>
    <description translate="true">List of Products</description>
    <parameters>

        <parameter name="button_lable" xsi:type="text" visible="true">
            <label translate="true">Button label</label>
        </parameter>
        <parameter name="link_more" xsi:type="text" visible="true">
            <label translate="true">Link More</label>
        </parameter>

        <parameter name="button_shop_now" xsi:type="text" visible="true">
            <label translate="true">Button label (Shop now)</label>
        </parameter>

        
    </parameters>
   </widget>
</widgets>