<?xml version="1.0" ?>
<widgets xmlns:xsi="http://www.w3.org/2001/XMLSchema-instance" xsi:noNamespaceSchemaLocation="urn:magento:helloworld:Magento_Widget:etc/widget.xsd">


	<widget class="Judila\Widget\Block\Widget\Sliders" id="judila_widget_sliders">
		<label>Judila Sliders</label>
		<description>block Sliders</description>
		<parameters>

			
			<parameter name="silider_image_1" xsi:type="block" visible="true">
                <label translate="true">Silider Image 1</label>
				<block class="Judila\Widget\Block\Widget\Field\Image">
					<data>
						<item name="button" xsi:type="array">
							<item name="open" xsi:type="string">Choose Image...</item>
						</item>
					</data>
				</block>
            </parameter>
			<parameter name="button_label_1" xsi:type="text" visible="true">
                <label translate="true">Button Label 1</label>
            </parameter>
			<parameter name="button_position_1" xsi:type="text" visible="true">
                <label translate="true">Button Position 1</label>
            </parameter>
			<parameter name="link_1" xsi:type="text" visible="true">
                <label translate="true">Link 1</label>
				<description><![CDATA[<hr style="margin:40px 0 40px -170px ;" />]]></description>
            </parameter>


			
			<parameter name="silider_image_2" xsi:type="block" visible="true">
                <label translate="true">Silider Image 2</label>
				<block class="Judila\Widget\Block\Widget\Field\Image">
					<data>
						<item name="button" xsi:type="array">
							<item name="open" xsi:type="string">Choose Image...</item>
						</item>
					</data>
				</block>
            </parameter>
			<parameter name="button_label_2" xsi:type="text" visible="true">
                <label translate="true">Button Label 2</label>
            </parameter>
			<parameter name="button_position_2" xsi:type="text" visible="true">
                <label translate="true">Button Position 2</label>
            </parameter>
			<parameter name="link_2" xsi:type="text" visible="true">
                <label translate="true">Link 2</label>
				<description><![CDATA[<hr style="margin:40px 0 40px -170px;" />]]></description>
            </parameter>


			<parameter name="silider_image_3" xsi:type="block" visible="true">
                <label translate="true">Silider Image 3</label>
				<block class="Judila\Widget\Block\Widget\Field\Image">
					<data>
						<item name="button" xsi:type="array">
							<item name="open" xsi:type="string">Choose Image...</item>
						</item>
					</data>
				</block>
            </parameter>
			<parameter name="button_label_3" xsi:type="text" visible="true">
                <label translate="true">Button Label 3</label>
            </parameter>
			<parameter name="button_position_3" xsi:type="text" visible="true">
                <label translate="true">Button Position 3</label>
            </parameter>
			<parameter name="link_3" xsi:type="text" visible="true">
                <label translate="true">Link 3</label>
				<description><![CDATA[<hr style="margin:40px 0 40px -170px;" />]]></description>
            </parameter>


			<parameter name="silider_image_4" xsi:type="block" visible="true">
                <label translate="true">Silider Image 4</label>
				<block class="Judila\Widget\Block\Widget\Field\Image">
					<data>
						<item name="button" xsi:type="array">
							<item name="open" xsi:type="string">Choose Image...</item>
						</item>
					</data>
				</block>
            </parameter>
			<parameter name="button_label_4" xsi:type="text" visible="true">
                <label translate="true">Button Label 4</label>
            </parameter>
			<parameter name="button_position_4" xsi:type="text" visible="true">
                <label translate="true">Button Position 4</label>
            </parameter>
			<parameter name="link_4" xsi:type="text" visible="true">
                <label translate="true">Link 4</label>
				<description><![CDATA[<hr style="margin:40px 0 40px -170px;" />]]></description>
            </parameter>


			<parameter name="silider_image_5" xsi:type="block" visible="true">
                <label translate="true">Silider Image 5</label>
				<block class="Judila\Widget\Block\Widget\Field\Image">
					<data>
						<item name="button" xsi:type="array">
							<item name="open" xsi:type="string">Choose Image...</item>
						</item>
					</data>
				</block>
            </parameter>
			<parameter name="button_label_5" xsi:type="text" visible="true">
                <label translate="true">Button Label 5</label>
            </parameter>
			<parameter name="button_position_5" xsi:type="text" visible="true">
                <label translate="true">Button Position 5</label>
            </parameter>
			<parameter name="link_5" xsi:type="text" visible="true">
                <label translate="true">Link 5</label>
            </parameter>
			

		</parameters>
	</widget>

	<widget class="Judila\Widget\Block\Widget\Categories" id="judila_widget_categories">
		<label>Judila Categories</label>
		<description>Categories</description>
		<parameters>
			
			<parameter name="title_1" xsi:type="text" visible="true">
                <label translate="true">Title 1</label>
            </parameter>
			<parameter name="silider_image_pc_1" xsi:type="block" visible="true">
                <label translate="true">Silider Image 1 (Desktop)</label>
				<block class="Judila\Widget\Block\Widget\Field\Image">
					<data>
						<item name="button" xsi:type="array">
							<item name="open" xsi:type="string">Choose Image...</item>
						</item>
					</data>
				</block>
            </parameter>
			<parameter name="silider_image_mb_1" xsi:type="block" visible="true">
                <label translate="true">Silider Image 1 (Mobile)</label>
				<block class="Judila\Widget\Block\Widget\Field\Image">
					<data>
						<item name="button" xsi:type="array">
							<item name="open" xsi:type="string">Choose Image...</item>
						</item>
					</data>
				</block>
            </parameter>
			<parameter name="link_1" xsi:type="text" visible="true">
                <label translate="true">Link 1</label>
				<description><![CDATA[<hr style="margin:40px 0 40px -170px;" />]]></description>
            </parameter>


			<parameter name="title_2" xsi:type="text" visible="true">
                <label translate="true">Title 2</label>
            </parameter>
			<parameter name="silider_image_pc_2" xsi:type="block" visible="true">
                <label translate="true">Silider Image 2 (Desktop)</label>
				<block class="Judila\Widget\Block\Widget\Field\Image">
					<data>
						<item name="button" xsi:type="array">
							<item name="open" xsi:type="string">Choose Image...</item>
						</item>
					</data>
				</block>
            </parameter>
			<parameter name="silider_image_mb_2" xsi:type="block" visible="true">
                <label translate="true">Silider Image 2 (Mobile)</label>
				<block class="Judila\Widget\Block\Widget\Field\Image">
					<data>
						<item name="button" xsi:type="array">
							<item name="open" xsi:type="string">Choose Image...</item>
						</item>
					</data>
				</block>
            </parameter>
			<parameter name="link_2" xsi:type="text" visible="true">
                <label translate="true">Link 2</label>
				<description><![CDATA[<hr style="margin:40px 0 40px -170px;" />]]></description>
            </parameter>

			<parameter name="title_3" xsi:type="text" visible="true">
                <label translate="true">Title 3</label>
            </parameter>
			<parameter name="silider_image_pc_3" xsi:type="block" visible="true">
                <label translate="true">Silider Image 3 (Desktop)</label>
				<block class="Judila\Widget\Block\Widget\Field\Image">
					<data>
						<item name="button" xsi:type="array">
							<item name="open" xsi:type="string">Choose Image...</item>
						</item>
					</data>
				</block>
            </parameter>
			<parameter name="silider_image_mb_3" xsi:type="block" visible="true">
                <label translate="true">Silider Image 3 (Mobile)</label>
				<block class="Judila\Widget\Block\Widget\Field\Image">
					<data>
						<item name="button" xsi:type="array">
							<item name="open" xsi:type="string">Choose Image...</item>
						</item>
					</data>
				</block>
            </parameter>
			<parameter name="link_3" xsi:type="text" visible="true">
                <label translate="true">Link 3</label>
            </parameter>
			
		</parameters>
	</widget>




	<widget class="Judila\Widget\Block\Widget\HotItems" id="judila_widget_hotitems">
		<label>Judila HotItem</label>
		<description>block HotItem</description>
		<parameters>

			<parameter name="title" xsi:type="text" visible="true">
                <label translate="true">Title</label>
            </parameter>
			<parameter name="lable_button" xsi:type="text" visible="true">
                <label translate="true">Lable Button More</label>
            </parameter>
			<parameter name="link" xsi:type="text" visible="true">
                <label translate="true">Link more</label>
				<description><![CDATA[<hr style="margin:40px 0 40px -170px;" />]]></description>
            </parameter>

			<parameter name="title_1" xsi:type="text" visible="true">
                <label translate="true">Title 1</label>
            </parameter>
			<parameter name="thumbnail_pc_1" xsi:type="block" visible="true">
                <label translate="true">Thumbnail 1 (Desktop)</label>
				<block class="Judila\Widget\Block\Widget\Field\Image">
					<data>
						<item name="button" xsi:type="array">
							<item name="open" xsi:type="string">Choose Image...</item>
						</item>
					</data>
				</block>
            </parameter>
			<parameter name="thumbnail_mb_1" xsi:type="block" visible="true">
                <label translate="true">Thumbnail 1 (Mobile)</label>
				<block class="Judila\Widget\Block\Widget\Field\Image">
					<data>
						<item name="button" xsi:type="array">
							<item name="open" xsi:type="string">Choose Image...</item>
						</item>
					</data>
				</block>
            </parameter>
			<parameter name="color_1" xsi:type="text" visible="true">
                <label translate="true">Color 1</label>
            </parameter>
			<parameter name="label_1" xsi:type="text" visible="true">
                <label translate="true">Label 1</label>
            </parameter>
			<parameter name="button_label_1" xsi:type="text" visible="true">
                <label translate="true">Button Label 1</label>
            </parameter>
			<parameter name="link_1" xsi:type="text" visible="true">
                <label translate="true">Link 1</label>
				<description><![CDATA[<hr style="margin:40px 0 40px -170px;" />]]></description>
            </parameter>


			<parameter name="title_2" xsi:type="text" visible="true">
                <label translate="true">Title 2</label>
            </parameter>
			<parameter name="thumbnail_pc_2" xsi:type="block" visible="true">
                <label translate="true">Thumbnail 2 (Desktop)</label>
				<block class="Judila\Widget\Block\Widget\Field\Image">
					<data>
						<item name="button" xsi:type="array">
							<item name="open" xsi:type="string">Choose Image...</item>
						</item>
					</data>
				</block>
            </parameter>
			<parameter name="thumbnail_mb_2" xsi:type="block" visible="true">
                <label translate="true">Thumbnail 2 (Mobile)</label>
				<block class="Judila\Widget\Block\Widget\Field\Image">
					<data>
						<item name="button" xsi:type="array">
							<item name="open" xsi:type="string">Choose Image...</item>
						</item>
					</data>
				</block>
            </parameter>
			<parameter name="color_2" xsi:type="text" visible="true">
                <label translate="true">Color 2</label>
            </parameter>
			<parameter name="label_2" xsi:type="text" visible="true">
                <label translate="true">Label 2</label>
            </parameter>
			<parameter name="button_label_2" xsi:type="text" visible="true">
                <label translate="true">Button Label 2</label>
            </parameter>
			<parameter name="link_2" xsi:type="text" visible="true">
                <label translate="true">Link 2</label>
				<description><![CDATA[<hr style="margin:40px 0 40px -170px;" />]]></description>
            </parameter>


			<parameter name="title_3" xsi:type="text" visible="true">
                <label translate="true">Title 3</label>
            </parameter>
			<parameter name="thumbnail_pc_3" xsi:type="block" visible="true">
                <label translate="true">Thumbnail 3 (Desktop)</label>
				<block class="Judila\Widget\Block\Widget\Field\Image">
					<data>
						<item name="button" xsi:type="array">
							<item name="open" xsi:type="string">Choose Image...</item>
						</item>
					</data>
				</block>
            </parameter>
			<parameter name="thumbnail_mb_3" xsi:type="block" visible="true">
                <label translate="true">Thumbnail 3 (Mobile)</label>
				<block class="Judila\Widget\Block\Widget\Field\Image">
					<data>
						<item name="button" xsi:type="array">
							<item name="open" xsi:type="string">Choose Image...</item>
						</item>
					</data>
				</block>
            </parameter>
			<parameter name="color_3" xsi:type="text" visible="true">
                <label translate="true">Color 3</label>
            </parameter>
			<parameter name="label_3" xsi:type="text" visible="true">
                <label translate="true">Label 3</label>
            </parameter>
			<parameter name="button_label_3" xsi:type="text" visible="true">
                <label translate="true">Button Label 3</label>
            </parameter>
			<parameter name="link_3" xsi:type="text" visible="true">
                <label translate="true">Link 3</label>
				<description><![CDATA[<hr style="margin:40px 0 40px -170px;" />]]></description>
            </parameter>


			<parameter name="title_4" xsi:type="text" visible="true">
                <label translate="true">Title 4</label>
            </parameter>
			<parameter name="thumbnail_pc_4" xsi:type="block" visible="true">
                <label translate="true">Thumbnail 4 (Desktop)</label>
				<block class="Judila\Widget\Block\Widget\Field\Image">
					<data>
						<item name="button" xsi:type="array">
							<item name="open" xsi:type="string">Choose Image...</item>
						</item>
					</data>
				</block>
            </parameter>
			<parameter name="thumbnail_mb_4" xsi:type="block" visible="true">
                <label translate="true">Thumbnail 4 (Mobile)</label>
				<block class="Judila\Widget\Block\Widget\Field\Image">
					<data>
						<item name="button" xsi:type="array">
							<item name="open" xsi:type="string">Choose Image...</item>
						</item>
					</data>
				</block>
            </parameter>
			<parameter name="color_4" xsi:type="text" visible="true">
                <label translate="true">Color 4</label>
            </parameter>
			<parameter name="label_4" xsi:type="text" visible="true">
                <label translate="true">Label 4</label>
            </parameter>
			<parameter name="button_label_4" xsi:type="text" visible="true">
                <label translate="true">Button Label 4</label>
            </parameter>
			<parameter name="link_4" xsi:type="text" visible="true">
                <label translate="true">Link 4</label>
            </parameter>

		</parameters>
	</widget>
	<widget class="Judila\Widget\Block\Widget\Testerminal" id="judila_widget_testerminal">
		<label>Judila Testerminal</label>
		<description>block Testerminal</description>
		<parameters>
			<parameter name="title" xsi:type="text" visible="true">
                <label translate="true">Title</label>
				<description><![CDATA[<hr style="margin:40px 0 40px -170px;" />]]></description>
            </parameter>

			<parameter name="name_1" xsi:type="text" visible="true">
                <label translate="true">Name 1</label>
            </parameter>
			<parameter name="avata_1" xsi:type="block" visible="true">
                <label translate="true">Avata 1</label>
				<block class="Judila\Widget\Block\Widget\Field\Image">
					<data>
						<item name="button" xsi:type="array">
							<item name="open" xsi:type="string">Choose Image...</item>
						</item>
					</data>
				</block>
            </parameter>
			<parameter name="rating_1" xsi:type="text" visible="true">
                <label translate="true">Rating 1</label>
            </parameter>
			<parameter name="content_1" xsi:type="text" visible="true">
                <label translate="true">Content 1</label>
            </parameter>
			<parameter name="date_1" xsi:type="text" visible="true">
                <label translate="true">Date 1</label>
				<description><![CDATA[<hr style="margin:40px 0 40px -170px;" />]]></description>
            </parameter>



			<parameter name="name_2" xsi:type="text" visible="true">
                <label translate="true">Name 2</label>
            </parameter>
			<parameter name="avata_2" xsi:type="block" visible="true">
                <label translate="true">Avata 2</label>
				<block class="Judila\Widget\Block\Widget\Field\Image">
					<data>
						<item name="button" xsi:type="array">
							<item name="open" xsi:type="string">Choose Image...</item>
						</item>
					</data>
				</block>
            </parameter>
			<parameter name="rating_2" xsi:type="text" visible="true">
                <label translate="true">Rating 2</label>
            </parameter>
			<parameter name="content_2" xsi:type="text" visible="true">
                <label translate="true">Content 2</label>
            </parameter>
			<parameter name="date_2" xsi:type="text" visible="true">
                <label translate="true">Date 2</label>
				<description><![CDATA[<hr style="margin:40px 0 40px -170px;" />]]></description>
            </parameter>



			<parameter name="name_3" xsi:type="text" visible="true">
                <label translate="true">Name 3</label>
            </parameter>
			<parameter name="avata_3" xsi:type="block" visible="true">
                <label translate="true">Avata 3</label>
				<block class="Judila\Widget\Block\Widget\Field\Image">
					<data>
						<item name="button" xsi:type="array">
							<item name="open" xsi:type="string">Choose Image...</item>
						</item>
					</data>
				</block>
            </parameter>
			<parameter name="rating_3" xsi:type="text" visible="true">
                <label translate="true">Rating 3</label>
            </parameter>
			<parameter name="content_3" xsi:type="text" visible="true">
                <label translate="true">Content 3</label>
            </parameter>
			<parameter name="date_3" xsi:type="text" visible="true">
                <label translate="true">Date 3</label>
            </parameter>

		</parameters>
	</widget>

	<widget class="Judila\Widget\Block\Widget\Commitment" id="judila_widget_commitment">
		<label>Judila Commitment</label>
		<description>block 4 Commitment</description>
		<parameters>

			
			<parameter name="image_1" xsi:type="block" visible="true">
                <label translate="true">Image 1</label>
				<block class="Judila\Widget\Block\Widget\Field\Image">
					<data>
						<item name="button" xsi:type="array">
							<item name="open" xsi:type="string">Choose Image...</item>
						</item>
					</data>
				</block>
            </parameter>
			<parameter name="title_1" xsi:type="text" visible="true">
                <label translate="true">Title 1</label>
				<description><![CDATA[<hr style="margin:40px 0 40px -170px;" />]]></description>
            </parameter>

			
			<parameter name="image_2" xsi:type="block" visible="true">
                <label translate="true">Image 2</label>
				<block class="Judila\Widget\Block\Widget\Field\Image">
					<data>
						<item name="button" xsi:type="array">
							<item name="open" xsi:type="string">Choose Image...</item>
						</item>
					</data>
				</block>
            </parameter>
			<parameter name="title_2" xsi:type="text" visible="true">
                <label translate="true">Title 2</label>
				<description><![CDATA[<hr style="margin:40px 0 40px -170px;" />]]></description>
            </parameter>


			
			<parameter name="image_3" xsi:type="block" visible="true">
                <label translate="true">Image 3</label>
				<block class="Judila\Widget\Block\Widget\Field\Image">
					<data>
						<item name="button" xsi:type="array">
							<item name="open" xsi:type="string">Choose Image...</item>
						</item>
					</data>
				</block>
            </parameter>
			<parameter name="title_3" xsi:type="text" visible="true">
                <label translate="true">Title 3</label>
				<description><![CDATA[<hr style="margin:40px 0 40px -170px;" />]]></description>
            </parameter>

			
			<parameter name="image_4" xsi:type="block" visible="true">
                <label translate="true">Image 4</label>
				<block class="Judila\Widget\Block\Widget\Field\Image">
					<data>
						<item name="button" xsi:type="array">
							<item name="open" xsi:type="string">Choose Image...</item>
						</item>
					</data>
				</block>
            </parameter>
			<parameter name="title_4" xsi:type="text" visible="true">
                <label translate="true">Title 4</label>
				<description><![CDATA[<hr style="margin:40px 0 40px -170px;" />]]></description>
            </parameter>
		</parameters>
	</widget>
	
</widgets>